INSERT INTO patient VALUES('4260597982','Mr','John','McArdle','382 Ormeau Road','Belfast','Belfast BT7 3HX','UK','02892462245',null,'O+');
INSERT INTO patient VALUES('8248314314','Mrs','Bernadette','Wilson','30 Drumadoon Drive','Dundonald','Belfast','Castlereagh BT16 2LY','UK','02892883550',null,'O-');
INSERT INTO patient VALUES('4684570284','Miss','Josephine','McNamara','2 Oakridge Avenue','Lisburn','Lisburn BT27 4NA','UK','07747068668','Gluten','A+');
INSERT INTO patient VALUES('1674029693','Mr','Kevin','Smith','56 Low Road','Lisburn','Lisburn BT27 4TJ','UK','02892921749',null,'B+');
INSERT INTO patient VALUES('9552535578','Mr','Paul','Jones','8 Cavendish Court','Belfast','Belfast BT12 7LF','UK','07061118666',null,'O+');
INSERT INTO patient VALUES('9041287206','Mrs','Veronica','O'Shea','1 Carnmore Place','Belfast','Belfast BT12 7FU','UK','07298663876',null,'A-');
INSERT INTO patient VALUES('5756787307','Dr','Shauna','O'Toole','44 John Street','Belfast','Belfast BT12 4AG','UK','07881120665',null,'O+');
INSERT INTO patient VALUES('7606785463','Miss','Pauline','Flood','56 Greer Park Drive','Newtownbreda','Belfast','Castlereagh BT8 7YQ','UK','02891965643',null,'A-');
INSERT INTO patient VALUES('9444008910','Mr','Joseph','Payne','32 Sandymount Street','Belfast','Belfast BT9 5DP','UK','02892958807','Gluten','O+');
INSERT INTO patient VALUES('6807262612','Mr','Francis','Dewitt','42 Benmore Drive','Belfast','Belfast BT10 0EE','UK','02892638081',null,'B+');
INSERT INTO patient VALUES('5412056198','Mrs','Paula','McLean','7 Belfield Heights','Belfast','Belfast BT12 7GN','UK','07709683599',null,'O+');
INSERT INTO patient VALUES('4981051355','Miss','Teresa','Greene','300 Gilnahirk Road','Belfast','Castlereagh BT5 7SJ','UK','07424595141',null,'B-');
INSERT INTO patient VALUES('7456433070','Mr','Paul','McCartney','47 Sunningdale Gardens','Belfast','Belfast BT14 6SF','UK','02892104092',null,'A+');
INSERT INTO patient VALUES('2086132059','Mrs','Cora','Hughes','7 Moor Park Mews','Belfast','Belfast BT10 0QQ','UK','07696852527',null,'O+');
INSERT INTO patient VALUES('3924347561','Mr','John','O'Shea','27 Glenmore Place','Lisburn','Lisburn BT27 4QT','UK','02890582454',null,'A+');
INSERT INTO patient VALUES('6995229764','Mr','Brendan','Fagan','16 Donegall Square South','Belfast','Belfast BT1 5JJ','UK','02892133094',null,'O+');
INSERT INTO patient VALUES('7646514065','Miss','Hazel','Wilkinson','33 Farnham Street','Belfast','Belfast BT7 2FL','UK','02890528409',null,'A+');
INSERT INTO patient VALUES('5442884921','Mrs','Victoria','Willams','44 Tavanagh Street','Belfast','Belfast BT12 6JL','UK','02892797910',null,'O+');
INSERT INTO patient VALUES('2487255100','Mrs','Henrietta','Toome','23 Barley Hill','Lisburn','Lisburn BT27 4YB','UK','02890054087',null,'B+');
INSERT INTO patient VALUES('7126034292','Mr','John','Davies','6 Faburn Park','Belfast','Belfast BT14 8AJ','UK','02890687845',null,'O+');
INSERT INTO patient VALUES('2506593192','Mr','Matthew','Fisher','2 Old Mill Dale','Dundonald','Belfast','Castlereagh BT16 1WG','UK','02891241267',null,'O+');
INSERT INTO patient VALUES('3309248088','Mrs','Chloe','Black','19 Gardners Road','Lisburn','Lisburn BT27 5PD','UK','02891913441',null,'B+');
INSERT INTO patient VALUES('4753773755','Mr','Sean','Nolan','5 Riverside View','Belfast','Belfast BT7 3LE','UK','07915018839',null,'O+');
INSERT INTO patient VALUES('7873193552','Mr','Richard','Morgan','12 Beaufort Park','Belfast','Castlereagh BT8 7UQ','UK','02890682261',null,'O+');
INSERT INTO patient VALUES('8695771611','Mrs','Carol','Peake','9 Hampton Place','Belfast','Belfast BT7 3BZ','UK','02892358074',null,'A+');
INSERT INTO patient VALUES('9257008260','Miss','Fiona','McDonald','18 Clonallon Court','Belfast','Belfast BT4 2AB','UK','02891824545',null,'A+');
INSERT INTO patient VALUES('4765979716','Mr','Joe','Quinn','28 Oakridge Crescent','Lisburn','Lisburn BT27 4ND','UK','02891546817',null,'A+');
INSERT INTO patient VALUES('2484804682','Mrs','Nicola','Taylor','5 Willow Gardens','Dunmurry','Belfast','Lisburn BT17 9QJ','UK','02892367775',null,'A+');
INSERT INTO patient VALUES('7811435343','Mr','Frank','Underwood','1 The Island','Lisburn','Lisburn BT27 4RQ','UK','02892030283',null,'B+');
INSERT INTO patient VALUES('3061228060','Mr','Gavin','Vaughan','12 Joanmount Park','Belfast','Belfast BT14 6PE','UK','02892930323',null,'O+');
INSERT INTO patient VALUES('2807135489','Mrs','Rose','Hart','69 Old Dundonald Road','Belfast','Castlereagh BT16 1XS','UK','02890387181',null,'AB+');
INSERT INTO patient VALUES('5181151002','Mr','Jake','Cameron','17 Wynford Park','Lisburn','Lisburn BT27 5HJ','UK','02891978308',null,'O-');
INSERT INTO patient VALUES('7821049438','Mr','Connor','Brown','3 Piney Park','Belfast','Belfast BT9 5QU','UK','07000455359',null,'O+');
INSERT INTO patient VALUES('2916897054','Mrs','Rachel','Coleman','8 Ardcaoin View','Dunmurry','Belfast','Lisburn BT17 0UY','UK','02891350393',null,'O+');
INSERT INTO patient VALUES('7427016563','Mrs','Emma','Knox','15 Glenfearna Wood','Dunmurry','Belfast','Lisburn BT17 0YE','UK','02891359887',null,'A+');
INSERT INTO patient VALUES('1389616924','Mrs','Sarah','King','18 Bristow Park','Belfast','Belfast BT9 6TH','UK','02890500699',null,'O+');
INSERT INTO patient VALUES('3087071219','Mrs','Michelle','Lewis','39 West Circular Road','Belfast','Belfast BT13 3QA','UK','02892714138',null,'O-');
INSERT INTO patient VALUES('5327230900','Mrs','Ava','Moore','503 Crumlin Road','Belfast','Belfast BT14 7GA','UK','02892081223',null,'O+');
INSERT INTO patient VALUES('1055307639','Miss','Hannah','Kelly','20 McCaughey Road','Belfast','Belfast BT3 9AG','UK','07090464852',null,'A-');
INSERT INTO patient VALUES('7295619646','Dr','Ruth','Mackay','9 Moss Road','Lambeg','Lisburn','Lisburn BT27 4NN','UK','02892302431',null,'O+');
INSERT INTO patient VALUES('2033603060','Miss','Grace','Lewis','6 Duncrue Street','Belfast','Belfast BT3 9EX','UK','02890860364',null,'A+');
INSERT INTO patient VALUES('8646100317','Mr','Jack','Nolan','25 Elmdale Street','Belfast','Belfast BT5 5BX','UK','02890479053',null,'A+');
INSERT INTO patient VALUES('1573401761','Mr','Colin','Mills','6 Rosepark Meadows','Belfast','Belfast BT5 7TL','UK','07416486568',null,'O-');
INSERT INTO patient VALUES('7209924298','Mr','Alan','Morrison','1 Clonallon Square','Belfast','Belfast BT4 2BY','UK','02890409161',null,'O+');
INSERT INTO patient VALUES('5913382842','Mrs','Margot','Robbie','8 Arthur Street','Belfast','Belfast BT1 4GD','UK','02890405625',null,'A+');
INSERT INTO patient VALUES('1872412234','Dr','Leonardo','DiCaprio','20 Broughton Gardens','Belfast','Belfast BT6 0BB','UK','07648820587',null,'O+');
INSERT INTO patient VALUES('2548630188','Mr','Jonah','Hill','5 Glen Court','Lisburn','Lisburn BT27 5UD','UK','07506914792',null,'O+');
INSERT INTO patient VALUES('7222976799','Dr','Matthew','McConaughey','7 Shamrock Court','Belfast','Belfast BT6 8HT','UK','07941605406',null,'O+');
INSERT INTO patient VALUES('5009919609','Miss','Katarina','Cas','74 Ballylintagh Road','Hillsborough','Lisburn BT26 6QQ','UK','02891076149',null,'O+');
INSERT INTO patient VALUES('2905386895','Miss','Diedre','Reimond','18 Bristow Park','Belfast','Belfast BT9 6TH','UK','07910894007',null,'A+');
INSERT INTO patient VALUES('3435199951','Mrs','Kelly','Malloy','8 Demiville Avenue','Lisburn','Lisburn BT27 5RE','UK','02890557979',null,'O+');
INSERT INTO patient VALUES('7274546749','Miss','Stephanie','Witting','18 Castleton Avenue','Belfast','Belfast BT15 3ED','UK','02892041900',null,'O+');
INSERT INTO patient VALUES('9137542030','Mrs','Tess','Gillis','7 Klondyke Street','Belfast','Belfast BT13 1NU','UK','02892225255',null,'O+');
INSERT INTO patient VALUES('2315085632','Miss','Christine','Ebersole','15 Cherry Mews','Dunmurry','Belfast','Lisburn BT17 0FJ','UK','02890712379',null,'O+');
INSERT INTO patient VALUES('4287567515','Mr','Kyle','Chandler','272 Stranmillis Road','Belfast','Belfast BT9 5DZ','UK','02892003029',null,'O+');
INSERT INTO patient VALUES('4836454161','Mr','Rob','Reiner','5 Clarawood Grove','Belfast','Belfast BT5 6FX','UK','02892183812',null,'O+');
INSERT INTO patient VALUES('2981325868','Mrs','Cristin','Milioti','10 Traherne Gardens','Lisburn','Lisburn BT27 5QW','UK','02892844603','Yeast','AB+');
INSERT INTO patient VALUES('1942592543','Mr','Jon','Bernthal','104 Eglantine Avenue','Belfast','Belfast BT9 6EU','UK','07218480902','Nuts','O+');
INSERT INTO patient VALUES('8648606608','Miss','Joanna','Lumley','206 Cregagh Road','Belfast','Castlereagh BT6 9EU','UK','02892409858',null,'A+');
INSERT INTO patient VALUES('8553574147','Mr','Jon','Favreau','445 Beersbridge Road','Belfast','Belfast BT5 5DW','UK','02890627971',null,'O+');
INSERT INTO patient VALUES('3638347430','Mr','Jean','Dujardin','43 Lecale Street','Belfast','Belfast BT12 6JE','UK','02891758260',null,'A+');
INSERT INTO patient VALUES('9564934753','Mrs','Megan','McKenzie','32 Malone Road','Belfast','Belfast BT9 6SS','UK','02892888529',null,'O-');
INSERT INTO patient VALUES('3782276980','Mrs','Amy','Cash','8 Bladon Drive','Belfast','Belfast BT9 5JL','UK','02891590652',null,'A+');
INSERT INTO patient VALUES('3491086654','Mrs','Stephanie','McCoy','70 Marlborough Park South','Belfast','Belfast BT9 6HW','UK','07279317085',null,'O+');
INSERT INTO patient VALUES('6810118744','Mr','Shea','Whigham','11 Baskin Street','Belfast','Belfast BT5 4HS','UK','07282760667',null,'A-');
INSERT INTO patient VALUES('6000408850','Miss','Madison','McKinley','13 Gloucester Street','Belfast','Belfast BT1','UK','02892474942',null,'O-');
INSERT INTO patient VALUES('7486952306','Mr','Kenneth','Choi','153 Cromac Street','Belfast','Belfast BT2 8JE','UK','02890829544','Yeast','O+');
INSERT INTO patient VALUES('1059473080','Mr','Brian','Sacca','77 Carnbane Road','Lisburn','Lisburn BT27 5NG','UK','07960034985',null,'O+');
INSERT INTO patient VALUES('4625324202','Mr','Henry','Zebrowski','22 Newington Street','Belfast','Belfast BT15 2HQ','UK','02890693786',null,'O+');
INSERT INTO patient VALUES('1553000888','Mrs','Ashley','Atkinson','14 Glenbawn Crescent','Dunmurry','Belfast','Lisburn BT17 0TU','UK','07927373471',null,'O+');
INSERT INTO patient VALUES('2653830912','Miss','Carla','Flaherty','9 Limewood Grove','Belfast','Belfast BT4 3FG','UK','07215663561',null,'O+');
INSERT INTO patient VALUES('3794702036','Mr','Ethan','Suplee','43 Greenburn Way','Lisburn','Lisburn BT27 4LU','UK','07028995501',null,'A+');
INSERT INTO patient VALUES('8383062704','Mr','Barry','Rothbart','13 Ardenlee Gardens','Belfast','Belfast BT6 8QG','UK','02891671144','Shellfish','A+');
INSERT INTO patient VALUES('1908733408','Mrs','Sandra','Nelson','94 Gainsborough Drive','Belfast','Belfast BT15 3EL','UK','02891443532',null,'A+');
INSERT INTO patient VALUES('6169111536','Mrs','Natasha','Thomas','10 Russell Place','Belfast','Belfast BT2 8PU','UK','02890806865',null,'O+');
INSERT INTO patient VALUES('2045615970','Mr','Jake','Hoffman','23 Garmoyle Street','Belfast','Belfast BT15 1DY','UK','02890733880',null,'B+');
INSERT INTO patient VALUES('9679933197','Mr','Stephen','O'Neill','33 Ravenhill Avenue','Belfast','Belfast BT6 8LD','UK','07247465534',null,'O+');
INSERT INTO patient VALUES('7588058319','Mr','Edward','Hermann','69 Moyard Crescent','Belfast','Belfast BT12 7HJ','UK','02890228813',null,'A+');
INSERT INTO patient VALUES('3473982310','Mr','Ted','Griffin','8 Millars Court','Dundonald','Belfast','Castlereagh BT16 2YD','UK','02890925830',null,'B-');
INSERT INTO patient VALUES('1523731617','Mrs','Kyllikki','Kirby','7 Arlington Park','Belfast','Belfast BT10 0NG','UK','02892428966',null,'O+');
INSERT INTO patient VALUES('9422138952','Mrs','Belle','Herbertson','27 Silverstream Park','Belfast','Belfast BT14 8GT','UK','02892142577',null,'O+');
INSERT INTO patient VALUES('4004920137','Mr','Glenn','Serafin','16 Woodland Gardens','Lisburn','Lisburn BT27 4PL','UK','07112210670',null,'A+');
INSERT INTO patient VALUES('3648801393','Mrs','Chita','McCoy','24 Gloucester Park','Hillsborough','Lisburn BT26 6HE','UK','02890695956','Lactose','O+');
INSERT INTO patient VALUES('6133800845','Mr','Anupam','Kosmatka','1 Benraw Road','Belfast','Belfast BT11 8GQ','UK','02892511904',null,'O+');
INSERT INTO patient VALUES('7544826042','Miss','Katrina','G�roux','1 Oakwood Grove','Belfast','Belfast BT9 6DE','UK','02891873289',null,'B+');
INSERT INTO patient VALUES('3158822269','Mr','Walker','Sheach','62 Rowan Drive','Dunmurry','Belfast','Lisburn BT17 9QA','UK','02890788382',null,'A+');
INSERT INTO patient VALUES('3388597794','Mr','Orville','Carter','95 Crumlin Road','Belfast','Belfast BT14 6AD','UK','02891638349',null,'AB+');
INSERT INTO patient VALUES('9703828505','Mr','Lorenzo','Garcia','254 Malone Road','Belfast','Belfast BT9 5LS','UK','02892493095',null,'A+');
INSERT INTO patient VALUES('8771298365','Mrs','Rosaire','Adam','27 Fallswater Street','Belfast','Belfast BT12 6BZ','UK','07843988162',null,'A+');
INSERT INTO patient VALUES('2506852102','Miss','Jessica','Coleman','4 Ravensdale Court','Belfast','Belfast BT6 9AP','UK','02890136668',null,'O+');
INSERT INTO patient VALUES('7320756964','Mrs','Katrina','Goodwin','33 Ashley Avenue','Belfast','Belfast BT9 7BT','UK','02891532841',null,'O+');
INSERT INTO patient VALUES('3453996851','Mrs','Kyung','Mckinley','3 Dundela Drive','Belfast','Belfast BT4 3BH','UK','02892087379','Kiwi skin','O+');
INSERT INTO patient VALUES('5474244630','Mrs','Hermelinda','Renfrow','7 Hamilton Harty Court','Hillsborough','Lisburn BT26 6FA','UK','07143254586',null,'O+');
INSERT INTO patient VALUES('7091362202','Mrs','Tashia','Macon','154 Upper Springfield Road','Belfast','Belfast BT17 0LZ','UK','02891582123',null,'AB+');
INSERT INTO patient VALUES('1940569032','Miss','Shanika','Urbina','102 Greystown Avenue','Belfast','Belfast BT9 6UL','UK','02892350296',null,'O+');
INSERT INTO patient VALUES('1443987038','Miss','Billi','North','1 Kensington Park','Lisburn','Lisburn BT27 5HH','UK','07289696958',null,'O+');
INSERT INTO patient VALUES('5512157980','Mrs','Gertude','Khan','41 Hollymount','Belfast','Belfast BT10 0GN','UK','02891950216',null,'O-');
INSERT INTO patient VALUES('2050121475','Mr','Fernando','Stutzman','68 Tates Avenue','Belfast','Belfast BT9 7BY','UK','07676931491',null,'A+');
INSERT INTO patient VALUES('6708929393','Mr','Shane','Lazenby','10 Kennedy Drive','Lisburn','Lisburn BT27 4HY','UK','07542234250',null,'O+');
INSERT INTO patient VALUES('7680861724','Mrs','Barbra','Familia','21 Landseer Street','Belfast','Belfast BT9 5AL','UK','07290313281','Nuts','A+');
INSERT INTO patient VALUES('1654191494','Mrs','Tequila','Kukowski','51 Ladybrook Park','Belfast','Belfast BT11 9EP','UK','02892829176',null,'O+');
INSERT INTO patient VALUES('6164222552','Miss','Shelby','Delapena','30 Galway Park','Belfast','Castlereagh BT16 2AN','UK','02890872526',null,'B+');
INSERT INTO patient VALUES('6559323457','Mrs','Malorie','Juarez','33B Castle Street','Lisburn','Lisburn BT27 4SP','UK','02891610193',null,'A+');
INSERT INTO patient VALUES('8084408792','Mrs','Wonda','Lai','16 Cleaver Avenue','Belfast','Belfast BT9 5JA','UK','07264185791',null,'AB-');
INSERT INTO patient VALUES('6545838792','Mrs','Neda','Culpepper','2 Bains Place','Belfast','Belfast BT2 7GS','UK','02892095982',null,'B+');
INSERT INTO patient VALUES('6574296904','Mrs','Elizebeth','Monge','1 Moffatt Street','Belfast','Belfast BT15 1FR','UK','02890166949',null,'O+');
INSERT INTO patient VALUES('8542100279','Dr','Carlena','Sinkler','27 Duncrue Street','Belfast','Belfast BT3','UK','02890368268',null,'O+');
INSERT INTO patient VALUES('2459200056','Mr','Collen','Creighton','16A Upper Mervue Street','Belfast','Belfast BT15 2JZ','UK','02891612602',null,'A-');
INSERT INTO patient VALUES('9688797133','Mr','Amparo','Sanderlin','42 Benmore Drive','Belfast','Belfast BT10 0EE','UK','02891014183',null,'A+');
INSERT INTO patient VALUES('3296722190','Mr','Spencer','Carlon','66 Richardson Street','Belfast','Belfast BT6 8DY','UK','02890458495',null,'O+');
INSERT INTO patient VALUES('5490080998','Mr','Lekisha','Goolsby','56 Quarry Road','Belfast','Belfast BT4 2NQ','UK','07326714550','Lactose','O+');
INSERT INTO patient VALUES('1700911601','Miss','Loreta','Jehle','17 Herdman Channel Road','Belfast','Belfast BT3','UK','02890056676',null,'O+');
INSERT INTO patient VALUES('5802405250','Mrs','Claude','Trimm','46 Nevis Avenue','Belfast','Belfast BT4 3AE','UK','02890690888','Gluten','O+');
INSERT INTO patient VALUES('3397934991','Mrs','Melodee','Mitchel','2 Queens Road','Lisburn','Lisburn BT27 4TZ','UK','02891399177',null,'B-');
INSERT INTO patient VALUES('5903736948','Mrs','Audry','Stern','252A Hillhall Road','Lisburn','Lisburn BT27 5JQ','UK','02891582981',null,'A+');
INSERT INTO patient VALUES('8873271737','Mr','Florene','Buff','12 Gransha Rise','Belfast','Belfast BT11 8ES','UK','02892715702',null,'A+');
INSERT INTO patient VALUES('6933396214','Mrs','Jeanie','Memmott','70 Glenmore Drive','Lisburn','Lisburn BT27 4RX','UK','02890189268',null,'O+');
INSERT INTO patient VALUES('7558846804','Mr','Tomeka','Lemire','14 Charleville Avenue','Belfast','Belfast BT9 7HG','UK','02890827940','Yeast','A+');
INSERT INTO patient VALUES('5750618957','Mr','Shelton','President','88 Hillsborough Old Road','Lisburn','Lisburn BT27 5EP','UK','02891369295',null,'A+');
INSERT INTO patient VALUES('6811921916','Mrs','Skye','Northern','1 Danesfort Park West','Belfast','Belfast BT9 5UB','UK','02891236172',null,'O-');
INSERT INTO patient VALUES('2004161189','Miss','Kellye','Danielsen','16 Leven Place','Belfast','Castlereagh BT5 7EE','UK','07523401155',null,'O-');
INSERT INTO patient VALUES('4115225554','Mr','Hortencia','Wesner','18 Vauxhall Park','Belfast','Belfast BT9 5GZ','UK','02890466774',null,'A+');
INSERT INTO patient VALUES('5536776075','Mr','Onie','Stanbery','139 Royal Avenue','Belfast','Belfast BT1 1FH','UK','02892177122','Penicillen','A+');
INSERT INTO patient VALUES('5171978816','Dr','Stephenie','Vowell','26 Locksley Park','Belfast','Belfast BT10 0AR','UK','02890053667',null,'O+');
INSERT INTO patient VALUES('3171815588','Mrs','Merissa','Halper','21 Divismore Park','Belfast','Belfast BT12 7JE','UK','02892766440',null,'A+');
INSERT INTO patient VALUES('1346669955','Dr','Delaine','Mcconnell','4 Ravensdale Court','Belfast','Belfast BT6 9AP','UK','07580362747',null,'O+');
INSERT INTO patient VALUES('8657666296','Mrs','Deandra','Scheid','8 Fairway Drive','Belfast','Belfast BT9 5ND','UK','02891641829',null,'O+');
INSERT INTO patient VALUES('9380640417','Mrs','Nikole','Bro','4 Springburn Park','Lisburn','Lisburn BT27 5QZ','UK','02892207246',null,'O+');
INSERT INTO patient VALUES('7245714093','Mr','Xavier','Knowles','18 Saint Agnes Drive','Belfast','Belfast BT11 8GZ','UK','07249875489',null,'O+');
INSERT INTO patient VALUES('6948386756','Mrs','Jesenia','Smithers','6 Hillview Park','Lisburn','Lisburn BT27 4PA','UK','02891565928',null,'O-');
INSERT INTO patient VALUES('9621348152','Mrs','Leana','Karst','9 Millars Forge','The Close','Dundonald','Belfast','Castlereagh BT16 1QS','UK','02892663707',null,'O+');
INSERT INTO patient VALUES('6449559844','Mrs','Kaye','Tuggle','4 Catherine Street','Belfast','Belfast BT2 8LX','UK','02891944155',null,'A+');
INSERT INTO patient VALUES('8100086795','Miss','Naida','Burleigh','16 Ulsterville Avenue','Belfast','Belfast BT9 7AQ','UK','07989168330','Latex','B+');
INSERT INTO patient VALUES('4940411447','Mrs','Debera','Drummond','24 Columbia Street','Belfast','Belfast BT13 3HL','UK','02891441663','Lactose','A+');
INSERT INTO patient VALUES('1274381841','Miss','Alycia','Gisler','12 Rathmore Avenue','Belfast','Belfast BT10 0FT','UK','02891686905',null,'B+');
INSERT INTO patient VALUES('5198902693','Mrs','Cherly','Kanner','464 Castlereagh Road','Belfast','Belfast BT5 6BH','UK','02890010245',null,'O-');
INSERT INTO patient VALUES('5303318139','Mrs','Anastasia','Petway','4 Curtis Street','Belfast','Antrim BT1 2ND','UK','02891351750',null,'O-');
INSERT INTO patient VALUES('6633743000','Mr','Lucas','Vanfleet','95 North Circular Road','Belfast','Belfast BT14 6TN','UK','02890792303',null,'A-');
INSERT INTO patient VALUES('4858027086','Mrs','Emelda','Kratzer','10A Grahamsbridge Road','Dundonald','Belfast','Castlereagh BT16 2DB','UK','02892892277',null,'O+');
INSERT INTO patient VALUES('8854315898','Dr','Treena','Jantzen','7 Dunseverick Avenue','Belfast','Castlereagh BT8 7EA','UK','02891476078',null,'A-');
INSERT INTO patient VALUES('2790754484','Miss','Shanell','Burnam','36 Erinvale Avenue','Belfast','Belfast BT10 0FN','UK','02891543387',null,'O+');
INSERT INTO patient VALUES('5084763757','Dr','Robert','Smith','16 Sunny Drive','Belfast','BT5 7GJ','02890 663663',null,'A-');
INSERT INTO patient VALUES('4471044398','Miss','Sheridan','Houge','6 Mornington','Belfast','Belfast BT7 3JS','UK','07449583903',null,'A+');
INSERT INTO patient VALUES('3746540505','Miss','Jacquelin','Azevedo','328 Glen Road','Belfast','Belfast BT11 8ER','UK','02892200450',null,'O+');
INSERT INTO patient VALUES('4791489998','Miss','Berniece','Isom','7 Capstone Street','Belfast','Belfast BT9 7HN','UK','02890221271',null,'A-');
INSERT INTO patient VALUES('6433441879','Miss','Tora','Lofland','37 Rushfield Avenue','Belfast','Belfast BT7 3FP','UK','02892387881',null,'B+');
INSERT INTO patient VALUES('8089560084','Miss','Shyla','Haris','128 Great Victoria Street','Belfast','Belfast BT2 7BG','UK','02890515323',null,'A+');
INSERT INTO patient VALUES('3915646787','Miss','Jesusa','Akers','17 Belvoir Drive','Belfast','Castlereagh BT8 7BA','UK','07475100116',null,'A+');
INSERT INTO patient VALUES('6133658437','Miss','Teena','Chico','1 Cairnshill Road','The Gables','Belfast','Castlereagh BT8 6UJ','UK','07798564928',null,'A+');
INSERT INTO patient VALUES('6630884653','Miss','Jayne','Giese','11 Moss Road','Belfast BT8 8EG','UK','07960846426',null,'AB-');
INSERT INTO patient VALUES('7425158118','Miss','Clemencia','Soller','122 University Avenue','Belfast','Belfast BT7 1GZ','UK','02891501215',null,'A+');
INSERT INTO patient VALUES('8537830388','Miss','Sharlene','Malta','28 Oakridge Crescent','Lisburn','Lisburn BT27 4ND','UK','02890271427',null,'O+');
INSERT INTO patient VALUES('4230194469','Miss','Emmie','Hane','15 Ravenhill Reach','Belfast','Belfast BT6 8RA','UK','02892585562',null,'A+');
INSERT INTO patient VALUES('4023462942','Miss','Dominque','Simser','2 Glenmurray Court','Belfast','Belfast BT11 8QH','UK','02890380774',null,'O+');
INSERT INTO patient VALUES('4509938287','Miss','Dominca','Brown','20 Church Road','Castlereagh','Belfast','Castlereagh BT16 2LN','UK','02890611051',null,'O+');
INSERT INTO patient VALUES('2936548463','Miss','Sarah ','Thompson','27 Park Road','Belfast','BT6 9EG','07769 623897',null,'O+');
INSERT INTO patient VALUES('4358734050','Miss','Susan','White','17 Riverview Road','Dunmurry','BT14 2PR','07733 327653',null,'B-');
INSERT INTO patient VALUES('9746867836','Miss','Jill','Miller','7 Silent Hill','BT7 6NH ','07364 386445',null,'O+');
INSERT INTO patient VALUES('6247658738','Miss','Tracey','Davis','12 View Row','Belfast','BT2 9KP','07783 837645',null,'B-');
INSERT INTO patient VALUES('6578658738','Miss','Laura','Wilson','60 Middle Road','Belfast','BT5 9HD','08374 834634','Penicillin',null,'O+');
INSERT INTO patient VALUES('3344511679','Miss','Laura','Phillips','2 Hill Street','Belfast','BT5 6SA','07783 735263',null,'O+');
INSERT INTO patient VALUES('7119965576','Miss','Oliva','Price','60 Hungry House Lane','Belfast','BT6 0SY','02890 746529',null,'O+');
INSERT INTO patient VALUES('2149942282','Mr','Robert','Almeida','17 Sandymount','Lisburn','Lisburn BT27 5TJ','UK','07862642027',null,'O+');
INSERT INTO patient VALUES('4040251391','Mr','Lynn','Kephart','11 Crossan Road','Lisburn','Lisburn BT27 6XH','UK','02890785362',null,'A+');
INSERT INTO patient VALUES('9124706323','Mr','Reinaldo','Devivo','1 River Road','Lambeg','Lisburn','Lisburn BT27 4SD','UK','07898568070',null,'O+');
INSERT INTO patient VALUES('2644038604','Mr','Rudy','Gully','12 Somerton Gardens','Belfast','Belfast BT15 3LN','UK','07819210735',null,'A+');
INSERT INTO patient VALUES('9828558246','Mr','Lonnie','Deloach','17 Hollymount','Belfast','Belfast BT10 0GL','UK','02891680114',null,'A+');
INSERT INTO patient VALUES('1746096178','Mr','Lawrence','Crofoot','51 Myrtlefield Park','Belfast','Belfast BT9 6NF','UK','07003685480',null,'B+');
INSERT INTO patient VALUES('7590477230','Mr','Brain','Hinchman','15 Marlborough Court','Belfast','Belfast BT9 7EF','UK','02891397883',null,'O+');
INSERT INTO patient VALUES('2361498628','Mr','Stanley','Nealy','10 Seal Road','Belfast','Belfast BT3 9LL','UK','02892005154',null,'O-');
INSERT INTO patient VALUES('5791536458','Mr','Berry','Nigro','2 Ventry Street','Belfast','Belfast BT2 7JP','UK','02890243981',null,'O+');
INSERT INTO patient VALUES('4567102791','Mr','Hassan','Saint','98 Belsize Road','Lisburn','Lisburn BT27 4BP','UK','02890040930','Penicillen','A+');
INSERT INTO patient VALUES('6564953250','Mr','Eldon','Surita','30 Greer Park Heights','Belfast','Castlereagh BT8 7YG','UK','02892894326',null,'O+');
INSERT INTO patient VALUES('3672716025','Mr','Sang','Eynon','23 Ogles Grove','Hillsborough','Lisburn BT26 6RS','UK','02892157485','Gluten','O+');
INSERT INTO patient VALUES('4022988426','Mr','Travis','Agrawal','10 Suffolk Way','Belfast','Belfast BT11 9RG','UK','07391332536',null,'O+');
INSERT INTO patient VALUES('1813045604','Mr','Anthony','Kautz','127 University Street','Belfast','Belfast BT7 1HP','UK','02892584689',null,'A+');
INSERT INTO patient VALUES('9729563701','Mr','Hobert','Deegan','34 Teeling Avenue','Dunmurry','Belfast','Lisburn BT17 0XH','UK','02891841265',null,'B+');
INSERT INTO patient VALUES('6792232159','Mr','Monte','Gangi','7 Lansdowne Park','Lisburn','Lisburn BT27 5DJ','UK','07633934307',null,'O+');
INSERT INTO patient VALUES('3868373217','Mr','Wes','Mcbee','12 Upper Meenan Street','Belfast','Belfast BT13 1NT','UK','02890768366',null,'B+');
INSERT INTO patient VALUES('7857465150','Mr','Manuel','Stough','47 Falcarragh Drive','Belfast','Belfast BT11 9HP','UK','02891261692','Yeast','A+');
INSERT INTO patient VALUES('1772153971','Mr','Clay','Tejera','105 Magheraconluce Road','Hillsborough','Lisburn BT26 6PL','UK','02890405601',null,'O+');
INSERT INTO patient VALUES('2762115642','Mr','Maximo','Florentino','22 Beverley Street','Belfast','Belfast BT13 2HQ','UK','07207451146',null,'O+');
INSERT INTO patient VALUES('7861157246','Mr','Emery','Premo','15 Ashbrook Drive','Belfast','Belfast BT4 2FG','UK','02891179244',null,'O+');
INSERT INTO patient VALUES('8120054603','Mr','Ron','Fifer','9 Harberton Drive','Belfast','Belfast BT9 6PE','UK','02892475551',null,'O+');
INSERT INTO patient VALUES('8080570258','Mr','Robin','Wilbanks','11 Moss Road','Belfast BT8 8EG','UK','02890187834',null,'O-');
INSERT INTO patient VALUES('9365884078','Mr','Julio','Lentini','148 Kingsway','Dunmurry','Belfast','Lisburn BT17 9AA','UK','02890291665',null,'B-');
INSERT INTO patient VALUES('2227839291','Mr','Alvaro','Woodward','51 Ardmore Avenue','Castlereagh','Belfast','Castlereagh BT16 2QJ','UK','02891854306','Nuts','O+');
INSERT INTO patient VALUES('9506479053','Mr','Courtney','Dowd','9 Mill Valley Road','Belfast','Belfast BT14 8DS','UK','02891092217',null,'O+');
INSERT INTO patient VALUES('9802293547','Mr','Danilo','Palmeri','20 Orpen Avenue','Belfast','Belfast BT10 0BS','UK','02890055656',null,'O+');
INSERT INTO patient VALUES('9486748673','Mr','Kennith','Gadbois','78 Hill Street','Belfast','BT5 6SA','07254 632533',null,'O+');
INSERT INTO patient VALUES('9567594739','Mr','Julius','Lombard','17 Riverview Road','Dunmurry','BT14 2PR','07293 836233',null,'B+');
INSERT INTO patient VALUES('3759573474','Mr','Keenan','Labarre','5 Main Street','Finaghy','BT12 0AJ','07365 382353',null,'O+');
INSERT INTO patient VALUES('5367256756','Mr','Kieran','O�Connor','3 Rose Gardens','Belfast','BT3 7RP','07787 725326',null,'B+');
INSERT INTO patient VALUES('3756388788','Mr','Thomas','Roberts','68 West Park Road','Belfast','BT4 7HG','07732 387363',null,'O-');
INSERT INTO patient VALUES('6538667843','Mr','Elliot','Brown','14 Hidden Park','Belfast','07353 736223','Insulin',null,'O+');
INSERT INTO patient VALUES('6586786798','Mr','William','Jones','9 Amber Lane','Newtownabbey','BT3 8GJ','07954 853278',null,'O+');
INSERT INTO patient VALUES('6906479854','Mr','Charles','Anderson','80 Pleasant Street','Belfast','BT6 4RH','07734 783467',null,'O+');
INSERT INTO patient VALUES('5864796568','Mr','Christopher','Robinson','56 Silver Street','Belfast','BT7 5RH','07335 634834',null,'B+');
INSERT INTO patient VALUES('2879678547','Mr','Stanely','Walker','38 Forest Lane','Belfast','BT5 3DT','07788 878787',null,'A+');
INSERT INTO patient VALUES('3120858439','Mr','Alan','Young','41 Little Street','Belfast','BT3 9UG','07676 837493',null,'O-');
INSERT INTO patient VALUES('6531578114','Mr','Martin','Scott','33 Golden Street','Belfast','BT4 9DH','07384 464836',null,'B-');
INSERT INTO patient VALUES('6755435778','Mr','Chris','Baker','7 Sky Lane','Belfast','BT4 9PL','07786 749364',null,'AB-');
INSERT INTO patient VALUES('4222136808','Mr','Brian','Hall','34 Emerald Street','Belfast','BT5 8OP','02890 384674',null,'O+');
INSERT INTO patient VALUES('7785323411','Mr','John ','Campbell','49 Victoria Street','Belfast','BT9 6PF','07735 749374',null,'O+');
INSERT INTO patient VALUES('9860093324','Mr','Simon','Wood','8 Green Drive','Belfast','BT7 9OP','02890 735283',null,'B+');
INSERT INTO patient VALUES('6856432689','Mr','George','Black','58 Water Lane','Belfast','BT6 6LH','07735 635382',null,'A+');
INSERT INTO patient VALUES('9577099370','Mrs','Marica','Gaughan','1 Oak Way','Belfast','Belfast BT7 1JE','UK','02890198966',null,'O+');
INSERT INTO patient VALUES('2282351057','Mrs','Pauline','Harger','23 Lawnbrook Avenue','Belfast','Belfast BT13 2QB','UK','02892318248',null,'O-');
INSERT INTO patient VALUES('2683513773','Mrs','Mercedez','Schwein','26 Clonaver Park','Belfast','Belfast BT4 2EZ','UK','02892335528',null,'A+');
INSERT INTO patient VALUES('5524832140','Mrs','Rose','Lamon','1 Maryville Street','Belfast','Belfast BT7 1AD','UK','07048627971',null,'B+');
INSERT INTO patient VALUES('3810901985','Mrs','Sulema','Fonte','15 Eureka Drive','Belfast','Belfast BT12 5NR','UK','02892926849',null,'O+');
INSERT INTO patient VALUES('1187779231','Mrs','Yuriko','Catoe','35 Glencairn Crescent','Belfast','Belfast BT13 3LW','UK','07452602915',null,'A-');
INSERT INTO patient VALUES('2198965858','Mrs','Catrice','Bodine','10 Lyndhurst View','Belfast','Belfast BT13 3XT','UK','02892024782',null,'B+');
INSERT INTO patient VALUES('3218314282','Mrs','Elna','Waltman','2 Weston Drive','Belfast','Belfast BT9 7JF','UK','02892334198',null,'O+');
INSERT INTO patient VALUES('2200398277','Mrs','Chantelle','Caines','17 Carrowreagh Gardens','Dundonald','Belfast','Castlereagh BT16 1TW','UK','02892139602',null,'O+');
INSERT INTO patient VALUES('2935748573','Mrs','Ferne','Patague','18 Salisbury Avenue','Belfast','Belfast BT15 5DY','UK','02892314416',null,'O+');
INSERT INTO patient VALUES('3916301318','Mrs','Tarra','Burruss','39 Loopland Drive','Belfast','Belfast BT6 9DW','UK','02890192387',null,'A+');
INSERT INTO patient VALUES('6160538490','Mrs','Karen','Thurmon','53 Drumbo Road','Lisburn','Lisburn BT27 5TX','UK','07871845253','Yeast','O-');
INSERT INTO patient VALUES('2767115207','Mrs','Jodee','Duncanson','8 Deramore Drive','Belfast','Belfast BT9 5JQ','UK','02890089703',null,'B+');
INSERT INTO patient VALUES('6228851838','Mrs','Teri','Chancy','22 Saint Agnes Place','Belfast','Belfast BT11 8HE','UK','02891814752',null,'A+');
INSERT INTO patient VALUES('8881830819','Mrs','Tami','Belding','81 Norglen Parade','Belfast','Belfast BT11 8DS','UK','02890813608',null,'A-');
INSERT INTO patient VALUES('4597093224','Mrs','Lavette','Biffle','76 Antrim Road','Belfast','Belfast BT15 2AF','UK','02890550776',null,'O+');
INSERT INTO patient VALUES('5615376868','Mrs','Renna','Taormina','9 School Court','Belfast','Belfast BT4 2WD','UK','02891906681',null,'O+');
INSERT INTO patient VALUES('9282229637','Mrs','Mari','Yeh','8 Butler Place','Belfast','Belfast BT14 7NY','UK','02892881625',null,'O+');
INSERT INTO patient VALUES('8974369483','Mrs','Lisa','Mallon','40 Malone Park','Belfast','BT4 8HY','07532 275343','Penicillin',null,'A-');
INSERT INTO patient VALUES('7839483644','Mrs','Megan','Johnston','12 Treacle Lane','Belfast','BT6 8SY','07883 386523',null,'O+');
INSERT INTO patient VALUES('4354753688','Mrs','Helen','Williams','45 Forest Lane','Belfast','BT5 3DT','07779 773353',null,'O+');
INSERT INTO patient VALUES('9754886805','Mrs','Wendy','King','21 Hill Street','Belfast','BT5 6SA','07798 797463',null,'O+');
INSERT INTO patient VALUES('4009008764','Mrs','Gillian','Turner','16 Tree Drive','Belfast','BT6 4RG','02890 746452',null,'O+');
INSERT INTO patient VALUES('8754874326','Mrs','Charlotte','Fisher','30 Bridge Street','Belfast','BT8 3ER','02890 735382',null,'O+');
